Tool,Meta Title,Meta Description,LSI Keywords,FAQ Questions
"Basic Calculator","Basic Calculator - Quick Online Arithmetic","Basic Calculator to solve everyday arithmetic quickly. Use this online calculator for sums, differences, products and quotients.","online calculator;arithmetic calculator;simple calculator","How do I use the Basic Calculator?;Is this calculator free?;Can I use it offline?;Does it handle negative numbers?;Is my data saved?"
"Scientific Calculator","Scientific Calculator - Advanced Functions Online","Scientific Calculator with trigonometry and exponent features for complex math.","online scientific calculator;advanced functions","What functions are supported?;Is it free?;Does it work offline?;Can I use it on mobile?;Is history saved?"
"Word Counter","Word Counter - Count Words Instantly","Word Counter counts words and characters instantly in your text.","word counter online;text length checker","How do I use Word Counter?;Is there a character limit?;Can I paste text?;Does it work offline?;Is data stored?"
"Random Number Generator","Random Number Generator - Pick a Number","Random Number Generator to quickly select a number within a range.","online number picker;random number tool","How do I generate numbers?;Can I set min and max?;Is it free?;Does it work offline?;Any limits?"
"Graphing Calculator","Graphing Calculator - Plot Mathematical Functions","Graphing Calculator plots mathematical functions in real time. Visualize equations with this online graphing tool.","online graphing calculator;plot equations;function graphing","How do I graph a function?;Is the Graphing Calculator free?;Does it work offline?;Can I plot multiple functions?;Is it mobile friendly?"
"Unit Converter","Unit Converter - Convert Units Easily","Unit Converter helps you switch between metric and imperial measurements instantly.","online unit converter;metric to imperial;measurement conversion","How do I change units?;Is there a cost?;Does it work offline?;What units are supported?;Can I use it on mobile?"
"BMI Calculator","BMI Calculator - Check Body Mass Index Fast","BMI Calculator quickly checks your body mass index to see if you're in a healthy range.","body mass index;online bmi calculator;health bmi","How do I use the BMI Calculator?;Is this calculator free?;Are my numbers saved?;What units are supported?;What is a healthy BMI range?"

"Tip Calculator","Tip Calculator - Split Restaurant Bills Easily","Tip Calculator computes service gratuity and splits bills so you always know what to pay when dining out.","restaurant tip;bill splitting;service gratuity","How does the Tip Calculator work?;Is it suitable for group dining?;Can it handle custom tip rates?;Does it store my data?;Will it work offline?"
"Percentage Calculator","Percentage Calculator - Find Percent Values Quickly","Percentage Calculator helps you compute percent values and percent changes with ease.","percentage increase;percent of number;percent change","How do I calculate a percentage?;Can it find percentage increase?;Does it work offline?;Is my data stored anywhere?;Is it free to use?"
"Discount Calculator","Discount Calculator - Save Money on Purchases","Discount Calculator quickly shows the sale price and savings from any discount.","discount calculator online;price after discount;percentage off","How do I use the Discount Calculator?;Can I enter any percent off?;Does it work offline?;Will it show how much I save?;Is it free to use?"
"Temperature Converter","Temperature Converter - Switch Celsius and Fahrenheit","Temperature Converter quickly converts between Celsius and Fahrenheit.","celsius to fahrenheit;fahrenheit to celsius;online temperature converter","How do I convert Celsius to Fahrenheit?;Can it convert Fahrenheit to Celsius?;Does it work offline?;Is there any cost?;Is my data stored?"
"Age Calculator","Age Calculator - Find Your Exact Age","Age Calculator instantly computes your exact age from your birthday.","age calculator online;how old am i;birthday calculator","How do I calculate my age?;Is the Age Calculator free?;Does it work offline?;Is my birthdate stored?;Can I calculate someone else's age?"
=======
main
